City_ID,City,Country,Date,Lat,Lng,Max Temp,Humidity,Cloudiness,Wind Speed
0,Kavaratti,IN,2020-06-27 16:13:26,10.57,72.64,84.13,74,100,19.86
1,Killarney,IE,2020-06-27 16:13:26,52.05,-9.52,57.2,93,75,18.34
2,Bilibino,RU,2020-06-27 16:13:26,68.05,166.44,28.63,90,7,4.16
3,Albany,US,2020-06-27 16:13:26,42.6,-73.97,69.01,77,100,4.61
4,Souillac,MU,2020-06-27 16:13:27,-20.52,57.52,73.4,78,75,11.41
5,Hobart,AU,2020-06-27 16:08:31,-42.88,147.33,39.99,93,44,4.7
6,Busselton,AU,2020-06-27 16:13:27,-33.65,115.33,60.01,86,60,21.3
7,Oyotun,PE,2020-06-27 16:13:27,-6.85,-79.3,66.2,77,75,9.17
8,Sitka,US,2020-06-27 16:13:27,57.05,-135.33,53.6,87,90,4.7
9,Port Elizabeth,ZA,2020-06-27 16:13:27,-33.92,25.57,71.6,39,7,17.22
10,Marzuq,YE,2020-06-27 16:13:27,14.4,46.47,74.01,58,100,13.35
11,Hermanus,ZA,2020-06-27 16:13:27,-34.42,19.23,57.99,81,91,11.01
12,Barrow,US,2020-06-27 16:09:52,71.29,-156.79,44.6,87,1,11.41
13,Victoria,HK,2020-06-27 16:11:50,22.29,114.16,82.99,80,91,1.99
14,Carballo,ES,2020-06-27 16:13:28,43.21,-8.69,72.0,77,40,6.93
15,Atuona,PF,2020-06-27 16:13:28,-9.8,-139.03,79.27,80,3,15.41
16,Yellowknife,CA,2020-06-27 16:13:28,62.46,-114.35,69.01,59,20,6.93
17,Provideniya,RU,2020-06-27 16:13:29,64.38,-173.3,37.17,91,98,9.15
18,Kampot,KH,2020-06-27 16:13:29,10.62,104.18,82.4,78,20,5.82
19,Bluff,NZ,2020-06-27 16:13:29,-46.6,168.33,39.0,83,100,3.0
20,Wroclaw,PL,2020-06-27 16:11:21,51.1,17.03,84.2,45,11,5.82
21,Chuy,UY,2020-06-27 16:13:29,-33.7,-53.46,54.0,57,51,5.66
22,Cape Town,ZA,2020-06-27 16:08:58,-33.93,18.42,59.0,82,75,14.99
23,Marawi,PH,2020-06-27 16:13:30,8.0,124.29,75.0,95,98,1.99
24,Hofn,IS,2020-06-27 16:13:30,64.25,-15.21,56.66,77,54,11.81
25,Rikitea,PF,2020-06-27 16:13:30,-23.12,-134.97,72.01,73,19,14.7
26,Kupang,ID,2020-06-27 16:13:30,-10.17,123.58,75.52,77,95,10.74
27,Mar Del Plata,AR,2020-06-27 16:11:57,-38.0,-57.56,46.0,93,98,6.93
28,Jamestown,US,2020-06-27 16:13:30,42.1,-79.24,70.0,93,90,8.05
29,Ushuaia,AR,2020-06-27 16:13:31,-54.8,-68.3,35.6,74,40,23.04
30,Castro,BR,2020-06-27 16:13:31,-24.79,-50.01,52.18,92,100,5.59
31,Nuuk,GL,2020-06-27 16:13:31,64.18,-51.72,44.6,75,20,6.93
32,Mehamn,NO,2020-06-27 16:13:31,71.04,27.85,44.17,88,100,15.82
33,Srednekolymsk,RU,2020-06-27 16:13:31,67.45,153.68,45.39,54,21,12.5
34,Torbay,CA,2020-06-27 16:13:31,47.67,-52.73,63.0,93,90,2.24
35,Mahebourg,MU,2020-06-27 16:13:31,-20.41,57.7,73.4,78,75,11.41
36,Tiksi,RU,2020-06-27 16:13:32,71.69,128.87,62.62,55,90,8.5
37,Qaanaaq,GL,2020-06-27 16:13:32,77.48,-69.36,41.61,75,0,4.21
38,Sisimiut,GL,2020-06-27 16:13:32,66.94,-53.67,44.64,78,71,8.32
39,Tilichiki,RU,2020-06-27 16:13:32,60.47,166.1,46.35,74,1,3.47
40,Mana,GF,2020-06-27 16:13:32,5.66,-53.78,84.69,68,5,6.98
41,Half Moon Bay,US,2020-06-27 16:13:32,37.46,-122.43,66.0,77,90,5.82
42,Te Anau,NZ,2020-06-27 16:13:32,-45.42,167.72,41.38,83,100,1.66
43,Asfi,MA,2020-06-27 16:13:32,32.3,-9.24,73.72,65,0,23.24
44,Iqaluit,CA,2020-06-27 16:13:33,63.75,-68.51,41.0,75,20,8.05
45,Hasaki,JP,2020-06-27 16:13:33,35.73,140.83,72.0,100,75,3.36
46,Almaznyy,RU,2020-06-27 16:13:33,48.04,40.05,86.0,27,10,6.71
47,Dikson,RU,2020-06-27 16:13:33,73.51,80.55,44.47,87,98,3.42
48,Punta Arenas,CL,2020-06-27 16:13:07,-53.15,-70.92,39.0,64,20,9.17
49,Kapaa,US,2020-06-27 16:10:12,22.08,-159.32,78.8,83,90,14.99
50,Vaini,TO,2020-06-27 16:13:34,-21.2,-175.2,73.4,94,20,3.36
51,Marsabit,KE,2020-06-27 16:13:34,2.33,37.99,74.48,50,30,17.85
52,Batagay-Alyta,RU,2020-06-27 16:13:34,67.8,130.41,67.06,53,92,7.09
53,Chokurdakh,RU,2020-06-27 16:13:34,70.63,147.92,48.83,49,39,13.0
54,Kieta,PG,2020-06-27 16:13:34,-6.22,155.63,78.06,80,100,1.34
55,Port Alfred,ZA,2020-06-27 16:13:34,-33.59,26.89,69.31,31,0,18.61
56,Concarneau,FR,2020-06-27 16:13:34,47.88,-3.92,62.6,72,90,14.99
57,Muisne,EC,2020-06-27 16:13:34,0.6,-80.03,80.6,88,75,6.93
58,Angren,UZ,2020-06-27 16:13:35,41.02,70.14,59.13,33,0,4.65
59,Ciudad Bolivar,VE,2020-06-27 16:13:35,8.12,-63.55,88.27,54,47,8.39
60,La Union,PE,2020-06-27 16:13:35,-5.4,-80.75,76.87,52,27,8.61
61,Upernavik,GL,2020-06-27 16:13:35,72.79,-56.15,39.16,83,97,5.95
62,Riyadh,SA,2020-06-27 16:09:23,24.69,46.72,107.6,6,98,12.75
63,Puerto Escondido,MX,2020-06-27 16:13:36,15.85,-97.07,86.0,66,75,3.36
64,Gannan,CN,2020-06-27 16:13:36,47.91,123.5,64.24,73,33,2.46
65,Bredasdorp,ZA,2020-06-27 16:13:36,-34.53,20.04,59.0,77,53,21.92
66,Scarborough,GB,2020-06-27 16:13:36,54.28,-0.4,66.0,71,78,1.99
67,Deputatskiy,RU,2020-06-27 16:12:07,69.3,139.9,58.96,60,34,3.36
68,Lebu,CL,2020-06-27 16:13:37,-37.62,-73.65,53.11,84,100,7.81
69,Inuvik,CA,2020-06-27 16:13:37,68.35,-133.72,44.6,70,90,11.41
70,Itarema,BR,2020-06-27 16:13:37,-2.92,-39.92,82.35,76,37,12.62
71,Airai,TL,2020-06-27 16:13:37,-8.93,125.41,56.68,100,54,3.33
72,Tezu,IN,2020-06-27 16:13:38,27.92,96.17,74.86,86,100,4.05
73,Vao,NC,2020-06-27 16:13:38,-22.67,167.48,69.98,71,41,14.07
74,Canala,NC,2020-06-27 16:13:38,-21.53,165.95,59.0,87,0,2.24
75,Kathu,TH,2020-06-27 16:13:38,7.92,98.33,78.8,94,40,1.12
76,Saint George,US,2020-06-27 16:09:15,37.1,-113.58,87.01,22,1,3.36
77,Sao Joao Da Barra,BR,2020-06-27 16:13:39,-21.64,-41.05,80.6,78,0,9.17
78,Mataura,NZ,2020-06-27 16:13:39,-46.19,168.86,39.0,83,100,3.0
79,Kavieng,PG,2020-06-27 16:13:39,-2.57,150.8,81.28,82,100,8.88
80,Ancud,CL,2020-06-27 16:13:39,-41.87,-73.82,46.99,100,90,2.24
81,Rawson,AR,2020-06-27 16:13:40,-43.3,-65.1,40.64,67,0,6.51
82,Lompoc,US,2020-06-27 16:13:40,34.64,-120.46,59.0,93,90,5.19
83,Pangkalanbuun,ID,2020-06-27 16:13:40,-2.68,111.62,73.04,96,100,2.08
84,Sambava,MG,2020-06-27 16:13:40,-14.27,50.17,73.98,83,0,14.9
85,Tungor,RU,2020-06-27 16:13:40,53.38,142.96,45.23,97,73,3.51
86,Butaritari,KI,2020-06-27 16:13:41,3.07,172.79,82.63,78,95,18.79
87,San Patricio,MX,2020-06-27 16:13:41,19.22,-104.7,91.4,59,75,5.82
88,Ostrovnoy,RU,2020-06-27 16:13:41,68.05,39.51,44.42,90,100,17.58
89,Sobolevo,RU,2020-06-27 16:13:41,54.43,31.9,75.7,79,0,6.44
90,Galesong,ID,2020-06-27 16:09:17,-5.32,119.37,73.4,100,20,1.12
91,Tinyahuarco,PE,2020-06-27 16:13:41,-10.75,-76.3,49.89,43,99,5.21
92,Coquimbo,CL,2020-06-27 16:13:42,-29.95,-71.34,57.2,67,100,5.82
93,Halifax,CA,2020-06-27 16:10:25,44.65,-63.57,77.0,70,25,4.0
94,Leh,IN,2020-06-27 16:13:42,34.17,77.58,64.06,26,0,8.01
95,Ozernovskiy,RU,2020-06-27 16:12:07,51.5,156.52,46.4,82,1,3.06
96,Swift Current,CA,2020-06-27 16:13:42,50.28,-107.8,66.2,77,20,13.87
97,Vestmannaeyjar,IS,2020-06-27 16:13:42,63.44,-20.27,53.6,71,75,9.17
98,Strezhevoy,RU,2020-06-27 16:13:43,60.73,77.59,50.0,100,75,6.71
99,Sosnogorsk,RU,2020-06-27 16:13:43,63.6,53.88,51.98,62,68,8.14
100,Trinidad,BO,2020-06-27 16:13:43,-14.83,-64.9,64.4,77,90,11.41
101,Hovd,MN,2020-06-27 16:13:43,48.01,91.64,70.72,28,63,3.76
102,Ketchikan,US,2020-06-27 16:13:44,55.34,-131.65,53.6,93,90,0.51
103,Hambantota,LK,2020-06-27 16:13:44,6.12,81.12,82.4,78,29,6.93
104,Lerwick,GB,2020-06-27 16:13:03,60.15,-1.15,62.6,100,99,16.11
105,Uhlove,UA,2020-06-27 16:13:44,44.82,33.6,77.79,53,1,12.41
106,Geraldton,AU,2020-06-27 16:13:45,-28.77,114.6,66.2,72,40,13.87
107,Saldanha,ZA,2020-06-27 16:13:45,-33.01,17.94,60.8,82,54,5.82
108,Liku,ID,2020-06-27 16:13:45,-0.73,119.89,74.82,89,100,2.42
109,Lomovka,RU,2020-06-27 16:13:45,53.92,58.37,57.2,67,75,6.71
110,Laguna,US,2020-06-27 16:13:45,38.42,-121.42,73.99,53,5,10.29
111,Nome,US,2020-06-27 16:13:44,64.5,-165.41,44.6,93,90,19.46
112,San Policarpo,PH,2020-06-27 16:13:45,12.18,125.51,82.06,77,100,6.17
113,Hilo,US,2020-06-27 16:13:45,19.73,-155.09,75.2,73,90,4.7
114,Hithadhoo,MV,2020-06-27 16:13:46,-0.6,73.08,84.76,74,100,8.14
115,Zhigansk,RU,2020-06-27 16:12:05,66.77,123.37,62.4,61,1,7.7
116,Sola,VU,2020-06-27 16:13:46,-13.88,167.55,80.53,84,57,18.68
117,Grand-Lahou,CI,2020-06-27 16:13:46,5.14,-5.02,78.82,79,52,14.41
118,Kushmurun,KZ,2020-06-27 16:13:46,52.45,64.63,55.71,66,34,5.73
119,Smithers,CA,2020-06-27 16:13:31,54.78,-127.17,50.0,87,90,3.36
120,Codrington,AU,2020-06-27 16:13:47,-38.27,141.97,41.27,89,2,7.43
121,Villa Rica,US,2020-06-27 16:13:47,33.73,-84.92,78.8,73,75,4.7
122,Chiapa,MX,2020-06-27 16:13:47,18.47,-96.94,73.96,61,95,4.94
123,Northampton,US,2020-06-27 16:13:10,40.88,-75.25,73.99,95,94,12.19
124,Tuktoyaktuk,CA,2020-06-27 16:13:47,69.45,-133.04,35.6,100,90,20.8
125,Emba,KZ,2020-06-27 16:13:47,48.83,58.14,62.71,65,100,14.34
126,Constitucion,CL,2020-06-27 16:13:48,-35.33,-72.42,57.33,77,94,1.5
127,Monrovia,LR,2020-06-27 16:09:42,6.3,-10.8,82.4,78,75,10.29
128,Lata,PT,2020-06-27 16:13:48,40.16,-8.33,82.0,54,69,10.11
129,Saint-Philippe,RE,2020-06-27 16:13:49,-21.36,55.77,71.6,73,20,5.82
130,Jandira,BR,2020-06-27 16:13:49,-23.53,-46.9,59.0,87,90,6.93
131,Carnarvon,AU,2020-06-27 16:13:49,-24.87,113.63,66.2,100,75,3.36
132,Kismayo,SO,2020-06-27 16:13:49,-0.36,42.55,79.27,80,14,17.56
133,Arraial Do Cabo,BR,2020-06-27 16:13:50,-22.97,-42.03,86.0,61,0,10.29
134,Bethel,US,2020-06-27 16:13:50,41.37,-73.41,77.0,57,75,4.7
135,Ilulissat,GL,2020-06-27 16:13:50,69.22,-51.1,37.4,86,40,4.7
136,Kurchum,KZ,2020-06-27 16:13:50,48.57,83.65,65.19,67,99,9.51
137,Sassandra,CI,2020-06-27 16:13:50,4.95,-6.08,78.89,78,77,11.61
138,Severo-Kurilsk,RU,2020-06-27 16:13:50,50.68,156.12,48.65,63,40,10.69
139,Kodiak,US,2020-06-27 16:13:51,57.79,-152.41,46.4,75,1,3.36
140,Vanimo,PG,2020-06-27 16:13:51,-2.67,141.3,78.96,85,99,4.88
141,Dingle,PH,2020-06-27 16:13:51,11.0,122.67,78.6,85,100,2.57
142,Luderitz,NA,2020-06-27 16:13:51,-26.65,15.16,64.4,52,0,17.22
143,Thompson,CA,2020-06-27 16:13:51,55.74,-97.86,66.2,68,75,5.82
144,Lebyazhye,RU,2020-06-27 16:13:51,55.27,66.49,51.93,78,85,8.14
145,Cairns,AU,2020-06-27 16:13:52,-16.92,145.77,66.2,82,31,10.29
146,Kibala,TD,2020-06-27 16:13:53,9.11,18.35,93.2,46,20,6.93
147,Kirensk,RU,2020-06-27 16:13:53,57.79,108.11,65.05,62,26,3.6
148,Karratha,AU,2020-06-27 16:13:53,-20.74,116.85,67.12,40,80,2.66
149,Ponta Do Sol,PT,2020-06-27 16:13:53,32.67,-17.1,73.99,65,14,11.01
150,Progreso,MX,2020-06-27 16:13:53,21.28,-89.67,91.0,70,75,4.7
151,Xining,CN,2020-06-27 16:13:54,36.62,101.77,56.37,38,57,2.33
152,Kamaishi,JP,2020-06-27 16:13:54,39.27,141.88,65.12,83,59,5.5
153,Piranhas,BR,2020-06-27 16:13:54,-16.43,-51.82,88.16,32,0,7.34
154,Beringovskiy,RU,2020-06-27 16:13:54,63.05,179.32,37.58,73,0,17.09
155,Mangrol,IN,2020-06-27 16:09:04,21.12,70.12,86.88,75,100,11.23
156,Sibolga,ID,2020-06-27 16:13:54,1.74,98.78,78.48,75,91,3.36
157,Vostok,RU,2020-06-27 16:13:54,46.49,135.88,49.35,100,100,2.37
158,Vardo,NO,2020-06-27 16:13:55,70.37,31.11,44.87,84,83,18.12
159,Bambous Virieux,MU,2020-06-27 16:13:55,-20.34,57.76,73.99,78,75,11.41
160,Abashiri,JP,2020-06-27 16:13:55,44.02,144.27,57.99,85,98,3.0
161,Cabo San Lucas,MX,2020-06-27 16:13:55,22.89,-109.91,84.99,65,90,3.36
162,Tiarei,PF,2020-06-27 16:13:55,-17.53,-149.33,75.2,83,90,1.12
163,Stupari,BA,2020-06-27 16:12:02,44.31,18.68,87.8,43,20,6.93
164,Chapais,CA,2020-06-27 16:13:55,49.78,-74.85,62.6,88,90,4.7
165,Mezen,RU,2020-06-27 16:13:55,65.85,44.24,47.01,83,51,13.91
166,Puerto Ayora,EC,2020-06-27 16:13:56,-0.74,-90.35,75.2,73,76,16.11
167,Caraballeda,VE,2020-06-27 16:13:56,10.61,-66.85,86.0,66,40,4.7
168,Isabela,PH,2020-06-27 16:13:56,6.71,121.97,77.0,94,75,3.36
169,Kaihua,CN,2020-06-27 16:13:56,23.37,104.28,67.6,91,97,8.25
170,Mayo,US,2020-06-27 16:13:56,38.89,-76.51,88.0,51,40,6.93
171,Margate,GB,2020-06-27 16:13:57,51.38,1.39,66.99,68,43,5.99
172,San Cristobal,VE,2020-06-27 16:13:57,7.77,-72.22,84.2,66,40,4.7
173,Qaqortoq,GL,2020-06-27 16:13:57,60.72,-46.03,55.4,58,20,5.82
174,East London,ZA,2020-06-27 16:13:58,-33.02,27.91,69.6,35,0,3.4
175,Saint-Augustin,CA,2020-06-27 16:13:58,51.23,-58.65,62.87,64,57,10.8
176,Oistins,BB,2020-06-27 16:13:58,13.07,-59.53,87.8,62,20,26.4
177,Batemans Bay,AU,2020-06-27 16:13:58,-35.72,150.18,39.0,100,25,3.78
178,Namikupa,TZ,2020-06-27 16:13:58,-10.83,39.6,73.94,74,59,6.46
179,Narsaq,GL,2020-06-27 16:13:58,60.92,-46.05,55.4,58,20,5.82
180,Tommot,RU,2020-06-27 16:13:58,58.96,126.29,59.31,78,85,1.36
181,Saskylakh,RU,2020-06-27 16:12:06,71.92,114.08,52.72,68,0,9.24
182,Walvis Bay,NA,2020-06-27 16:13:59,-22.96,14.51,68.0,45,0,11.41
183,Balkanabat,TM,2020-06-27 16:13:59,39.51,54.37,85.62,14,49,6.76
184,New Norfolk,AU,2020-06-27 16:13:59,-42.78,147.06,37.99,92,73,2.39
185,Emmett,US,2020-06-27 16:13:59,43.87,-116.5,73.99,51,93,7.0
186,Bronnoysund,NO,2020-06-27 16:13:59,65.46,12.2,80.6,44,13,9.17
187,Namibe,AO,2020-06-27 16:13:59,-15.2,12.15,70.74,67,0,7.9
188,Korla,CN,2020-06-27 16:13:59,41.76,86.15,83.61,19,40,1.07
189,Humboldt,US,2020-06-27 16:14:00,40.67,-123.92,55.99,100,90,11.41
190,Portobelo,PA,2020-06-27 16:14:00,9.55,-79.65,81.0,88,100,7.0
191,Buala,SB,2020-06-27 16:14:00,-8.14,159.59,80.37,81,92,5.39
192,Banjar,ID,2020-06-27 16:14:00,-8.19,114.97,80.6,100,40,5.82
193,Ormara,PK,2020-06-27 16:14:01,25.21,64.64,85.69,83,4,19.62
194,Ribeira Grande,PT,2020-06-27 16:14:01,38.52,-28.7,73.4,83,75,11.41
195,Grajewo,PL,2020-06-27 16:14:01,53.65,22.46,73.4,79,50,7.56
196,Tuatapere,NZ,2020-06-27 16:14:01,-46.13,167.68,39.0,83,100,3.0
197,Waddan,LY,2020-06-27 16:14:01,29.16,16.14,97.11,15,0,13.67
198,Gogrial,SS,2020-06-27 16:14:02,8.53,28.1,84.16,59,92,5.48
199,Jipijapa,EC,2020-06-27 16:14:02,-1.33,-80.58,80.6,74,75,6.93
200,Tasiilaq,GL,2020-06-27 16:14:02,65.61,-37.64,42.8,93,90,5.82
201,Nikolskoye,RU,2020-06-27 16:14:02,59.7,30.79,77.0,38,20,13.42
202,Alice Springs,AU,2020-06-27 16:14:02,-23.7,133.88,35.6,51,0,7.47
203,Mildura,AU,2020-06-27 16:12:50,-34.2,142.15,39.2,86,0,5.97
204,Cukai,MY,2020-06-27 16:14:03,4.25,103.42,82.4,88,100,6.8
205,Yulara,AU,2020-06-27 16:14:03,-25.24,130.99,51.8,37,0,10.29
206,Nortelandia,BR,2020-06-27 16:14:03,-14.45,-56.8,88.02,42,9,3.96
207,Rio Grande,BR,2020-06-27 16:14:03,-32.03,-52.1,57.2,50,20,8.05
208,Itoman,JP,2020-06-27 16:14:03,26.12,127.67,82.4,88,75,14.99
209,Sciacca,IT,2020-06-27 16:14:04,37.51,13.09,84.99,43,0,5.99
210,Portland,US,2020-06-27 16:10:26,45.52,-122.68,63.0,67,75,4.7
211,Fare,PF,2020-06-27 16:14:04,-16.7,-151.02,77.0,77,77,16.22
212,Georgetown,MY,2020-06-27 16:14:04,5.41,100.34,84.2,83,20,2.24
213,Dolinsk,RU,2020-06-27 16:14:04,47.35,142.8,50.0,100,75,8.95
214,Saint-Joseph,RE,2020-06-27 16:14:04,-21.37,55.62,71.6,73,20,5.82
215,Bima,ID,2020-06-27 16:14:04,-8.47,118.72,72.88,87,53,4.16
216,Krapina,HR,2020-06-27 16:14:05,46.16,15.88,86.0,48,20,8.05
217,Anicuns,BR,2020-06-27 16:14:05,-16.46,-49.96,84.61,33,0,4.56
218,Bathsheba,BB,2020-06-27 16:14:05,13.22,-59.52,87.8,62,20,26.4
219,Bengkulu,ID,2020-06-27 16:14:05,-3.8,102.27,77.63,87,48,4.45
220,Labuhan,ID,2020-06-27 16:14:05,-6.88,112.21,77.22,81,16,6.31
221,Khatanga,RU,2020-06-27 16:14:05,71.97,102.5,64.94,54,84,13.13
222,Benghazi,LY,2020-06-27 16:14:05,32.12,20.07,78.28,65,0,14.85
223,Vittoria,IT,2020-06-27 16:14:06,36.95,14.53,86.0,30,0,10.29
224,Great Yarmouth,GB,2020-06-27 16:14:06,52.61,1.73,72.0,78,65,17.0
225,Oktyabrskoye,RU,2020-06-27 16:14:06,43.06,44.74,73.4,38,99,11.18
226,Shitkino,RU,2020-06-27 16:14:06,56.37,98.35,69.6,64,88,1.21
227,The Valley,AI,2020-06-27 16:09:17,18.22,-63.06,89.6,66,20,17.22
228,Kaitangata,NZ,2020-06-27 16:14:06,-46.28,169.85,50.0,90,100,7.0
229,Martapura,ID,2020-06-27 16:14:07,-3.42,114.85,72.3,96,100,1.16
230,Koratla,IN,2020-06-27 16:14:07,18.82,78.72,86.83,61,93,9.17
231,San Vicente,AR,2020-06-27 16:14:07,-26.62,-54.13,60.6,57,23,2.13
232,Kikwit,CD,2020-06-27 16:14:08,-5.04,18.82,89.28,32,54,2.19
233,Leshukonskoye,RU,2020-06-27 16:14:08,64.9,45.76,52.3,70,75,9.22
234,Talnakh,RU,2020-06-27 16:14:08,69.49,88.4,64.4,77,99,8.95
235,Nantucket,US,2020-06-27 16:14:08,41.28,-70.1,71.01,83,1,11.41
236,Qinhuangdao,CN,2020-06-27 16:14:08,39.93,119.59,71.06,69,3,2.48
237,Dosso,NE,2020-06-27 16:14:09,13.05,3.19,104.99,19,0,2.68
238,Shelburne,CA,2020-06-27 16:14:09,44.08,-80.2,78.8,65,40,11.41
239,Westport,US,2020-06-27 16:14:09,41.14,-73.36,78.8,57,40,4.7
240,Pevek,RU,2020-06-27 16:12:07,69.7,170.31,32.2,99,100,18.12
241,Touros,BR,2020-06-27 16:14:09,-5.2,-35.46,80.6,78,75,8.05
242,Acapulco,MX,2020-06-27 16:13:24,16.86,-99.89,86.0,70,90,10.29
243,Bardiyah,LY,2020-06-27 16:14:09,31.76,25.09,76.96,67,0,17.02
244,Jiuquan,CN,2020-06-27 16:14:09,39.74,98.52,66.24,41,13,6.96
245,Faanui,PF,2020-06-27 16:14:10,-16.48,-151.75,76.23,78,84,15.64
246,Spornoye,RU,2020-06-27 16:14:10,50.84,37.29,80.6,42,0,4.47
247,Vila Franca Do Campo,PT,2020-06-27 16:14:10,37.72,-25.43,69.8,83,75,19.46
248,Atar,MR,2020-06-27 16:14:10,20.52,-13.05,111.81,8,10,16.2
249,San Angelo,US,2020-06-27 16:13:05,31.46,-100.44,82.4,65,90,17.22
250,Homer,US,2020-06-27 16:14:10,59.64,-151.55,48.99,87,1,4.7
251,Cidreira,BR,2020-06-27 16:14:11,-30.18,-50.21,57.38,64,100,3.78
252,Baiyin,CN,2020-06-27 16:14:11,36.56,104.21,75.0,48,79,11.18
253,Chifeng,CN,2020-06-27 16:14:11,42.27,118.96,67.46,51,0,1.61
254,Dongying,CN,2020-06-27 16:14:11,37.46,118.49,78.28,61,28,7.67
255,Pinawa,CA,2020-06-27 16:10:14,50.15,-95.88,79.47,47,20,10.96
256,Astana,KZ,2020-06-27 16:14:11,51.18,71.45,51.8,87,90,8.95
257,Broome,US,2020-06-27 16:10:04,42.25,-75.83,64.99,93,90,6.93
258,Ponazyrevo,RU,2020-06-27 16:14:11,58.36,46.31,57.81,95,100,9.1
259,Jieshi,CN,2020-06-27 16:14:12,22.81,115.83,82.96,87,89,7.92
260,Birzai,LT,2020-06-27 16:14:12,56.2,24.75,78.21,72,42,5.06
261,Maniitsoq,GL,2020-06-27 16:14:12,65.42,-52.9,40.06,90,98,4.5
262,Plettenberg Bay,ZA,2020-06-27 16:14:12,-34.05,23.37,59.47,74,57,22.1
263,Seymchan,RU,2020-06-27 16:14:12,62.88,152.43,62.49,64,27,7.7
264,Leningradskiy,RU,2020-06-27 16:14:12,69.38,178.42,33.66,94,100,17.87
265,Bhatkal,IN,2020-06-27 16:14:12,13.97,74.57,80.78,83,100,5.32
266,Aswan,EG,2020-06-27 16:14:12,24.09,32.91,102.18,10,0,8.99
267,Waipawa,NZ,2020-06-27 16:14:13,-41.41,175.52,53.01,83,80,6.15
268,Pocinhos,BR,2020-06-27 16:14:13,-7.08,-36.06,75.2,78,75,19.46
269,Waitati,NZ,2020-06-27 16:14:13,-45.75,170.57,48.99,96,100,8.01
270,Brigantine,US,2020-06-27 16:14:13,39.41,-74.36,82.4,65,1,8.05
271,Sunderland,GB,2020-06-27 16:14:13,54.9,-1.38,66.0,75,79,1.99
272,Katangli,RU,2020-06-27 16:14:13,51.71,143.23,45.61,93,100,3.53
273,Yar-Sale,RU,2020-06-27 16:14:13,66.83,70.83,55.62,59,76,10.49
274,Ephrata,US,2020-06-27 16:11:54,40.18,-76.18,79.0,69,75,6.93
275,Pisco,PE,2020-06-27 16:14:13,-13.7,-76.22,62.6,88,90,2.24
276,Luganville,VU,2020-06-27 16:14:14,-15.53,167.17,76.98,87,87,12.24
277,Gibara,CU,2020-06-27 16:14:14,21.11,-76.13,87.8,70,75,14.99
278,Kilindoni,TZ,2020-06-27 16:14:14,-7.91,39.67,78.13,81,1,13.38
279,Miyako,JP,2020-06-27 16:14:14,39.64,141.95,64.06,84,68,5.17
280,Mustafakemalpasa,TR,2020-06-27 16:14:14,40.04,28.41,81.0,57,20,21.92
281,Amapa,BR,2020-06-27 16:14:14,1.0,-52.0,86.58,57,89,4.34
282,Tura,IN,2020-06-27 16:14:14,25.52,90.22,74.61,98,97,7.92
283,Krasnoselkup,RU,2020-06-27 16:14:14,65.7,82.47,59.76,58,100,5.57
284,Launceston,AU,2020-06-27 16:14:15,-41.45,147.17,35.01,100,59,0.63
285,Xai-Xai,MZ,2020-06-27 16:14:15,-25.05,33.64,64.2,72,0,3.13
286,Yarada,IN,2020-06-27 16:14:15,17.65,83.27,86.0,79,40,8.05
287,Eyrarbakki,IS,2020-06-27 16:14:15,63.86,-21.15,62.01,59,100,11.41
288,Sinnamary,GF,2020-06-27 16:14:16,5.38,-52.95,85.15,66,0,6.62
289,Longyearbyen,SJ,2020-06-27 16:14:16,78.22,15.64,44.6,65,75,3.36
290,Hobyo,SO,2020-06-27 16:14:16,5.35,48.53,79.65,75,98,24.25
291,Rocha,UY,2020-06-27 16:14:16,-34.48,-54.33,53.13,62,50,7.65
292,Balikpapan,ID,2020-06-27 16:14:16,-1.27,116.83,75.81,88,100,4.72
293,Conceicao Da Barra,BR,2020-06-27 16:14:16,-18.59,-39.73,81.63,58,7,9.44
294,Buchanan,LR,2020-06-27 16:14:16,5.88,-10.05,82.4,78,75,10.29
295,Formosa,AR,2020-06-27 16:14:17,-26.18,-58.18,57.2,62,0,8.05
296,Macau,MO,2020-06-27 16:14:17,22.2,113.55,86.0,83,20,11.41
297,Wanning,CN,2020-06-27 16:14:17,18.8,110.4,81.93,89,87,8.03
298,Impfondo,CG,2020-06-27 16:14:17,1.64,18.07,83.79,61,80,2.08
299,Asau,RO,2020-06-27 16:14:17,46.43,26.4,84.2,37,1,12.75
300,Menongue,AO,2020-06-27 16:14:17,-14.66,17.69,71.35,22,0,0.98
301,Goure,NE,2020-06-27 16:14:18,13.98,10.27,101.91,15,67,4.12
302,Yerbogachen,RU,2020-06-27 16:14:18,61.28,108.01,64.09,68,30,3.87
303,Kiunga,PG,2020-06-27 16:14:18,-6.12,141.29,73.56,98,100,2.59
304,Khuzhir,RU,2020-06-27 16:14:18,53.19,107.34,56.46,68,96,6.46
305,Willowmore,ZA,2020-06-27 16:14:18,-33.29,23.49,54.14,51,19,36.57
306,Makakilo City,US,2020-06-27 16:14:18,21.35,-158.09,75.2,73,75,4.7
307,Flinders,AU,2020-06-27 16:14:18,-34.58,150.86,46.99,81,65,1.99
308,Wajir,KE,2020-06-27 16:14:19,1.75,40.06,87.8,45,40,10.29
309,Ardakan,IR,2020-06-27 16:14:19,32.31,54.02,95.0,19,0,16.11
310,Pangody,RU,2020-06-27 16:14:19,65.85,74.49,52.9,68,36,8.46
311,Goma,CD,2020-06-27 16:09:30,-1.68,29.22,75.2,57,75,6.93
312,Inhambane,MZ,2020-06-27 16:14:19,-23.86,35.38,80.6,39,20,5.88
313,Celestun,MX,2020-06-27 16:14:19,20.87,-90.4,87.04,62,27,5.14
314,Avarua,CK,2020-06-27 16:14:19,-21.21,-159.78,71.6,68,11,8.05
315,Durham,US,2020-06-27 16:14:19,36.03,-78.87,88.0,48,75,5.82
316,Carson City,US,2020-06-27 16:14:19,39.16,-119.77,77.0,31,1,3.36
317,Tabuk,PH,2020-06-27 16:14:20,17.42,121.44,76.01,86,100,3.76
318,Nisia Floresta,BR,2020-06-27 16:14:20,-6.09,-35.21,82.4,69,75,14.99
319,Ukiah,US,2020-06-27 16:14:20,39.15,-123.21,70.0,72,1,3.36
320,Aksu,CN,2020-06-27 16:14:20,41.12,80.26,69.76,45,97,22.1
321,Cherskiy,RU,2020-06-27 16:14:20,68.75,161.3,32.88,89,0,11.45
322,Kaohsiung,TW,2020-06-27 16:14:20,22.62,120.31,86.0,74,40,12.75
323,Sagua La Grande,CU,2020-06-27 16:14:20,22.81,-80.08,87.8,66,75,14.99
324,Fortuna,US,2020-06-27 16:14:21,40.6,-124.16,55.99,100,90,11.41
325,Katherine,AU,2020-06-27 16:14:21,-14.47,132.27,73.4,43,42,6.93
326,Honiara,SB,2020-06-27 16:10:29,-9.43,159.95,73.4,94,20,2.24
327,Pahrump,US,2020-06-27 16:14:21,36.21,-115.98,91.0,19,0,1.99
328,Quatre Cocos,MU,2020-06-27 16:14:21,-20.21,57.76,73.99,78,40,11.41
329,Jiazi,CN,2020-06-27 16:14:22,22.88,116.07,82.2,88,85,7.56
330,Bismarck,US,2020-06-27 16:13:59,46.81,-100.78,86.0,51,1,20.8
331,Ayr,GB,2020-06-27 16:14:22,55.46,-4.63,64.4,68,40,11.41
332,Komsomolskiy,UZ,2020-06-27 16:14:22,40.43,71.72,69.8,26,40,6.93
333,Alofi,NU,2020-06-27 16:13:51,-19.06,-169.92,73.4,88,97,3.36
334,Gat,IL,2020-06-27 16:14:22,31.61,34.76,84.0,61,0,8.05
335,Umm Kaddadah,SD,2020-06-27 16:14:22,13.6,26.69,97.59,22,35,7.25
336,Waingapu,ID,2020-06-27 16:14:23,-9.66,120.26,73.89,79,3,9.22
337,Bailleul,FR,2020-06-27 16:14:23,50.74,2.74,68.0,73,76,19.3
338,Billings,US,2020-06-27 16:11:28,45.78,-108.5,81.0,32,40,4.7
339,Phalombe,MW,2020-06-27 16:14:23,-15.81,35.65,68.2,60,11,4.81
340,Teguldet,RU,2020-06-27 16:14:23,57.31,88.17,66.29,86,0,5.48
341,Anadyr,RU,2020-06-27 16:14:23,64.75,177.48,35.6,74,40,15.66
342,Wewak,PG,2020-06-27 16:14:23,-3.55,143.63,80.92,82,71,9.93
343,Inta,RU,2020-06-27 16:14:23,66.03,60.17,46.11,69,100,7.7
344,Lagoa,PT,2020-06-27 16:14:23,39.05,-27.98,67.03,95,86,14.18
345,Katsuura,JP,2020-06-27 16:14:24,35.13,140.3,75.0,86,81,1.99
346,Kyshtovka,RU,2020-06-27 16:14:24,56.55,76.63,62.65,93,49,12.24
347,Sept-Iles,CA,2020-06-27 16:14:24,50.2,-66.38,66.2,72,75,8.05
348,Saint-Louis,SN,2020-06-27 16:14:24,16.33,-15.0,102.2,31,0,4.7
349,Maxixe,MZ,2020-06-27 16:14:24,-23.86,35.35,80.6,39,20,5.01
350,Moose Factory,CA,2020-06-27 16:14:24,51.26,-80.61,68.0,68,1,8.05
351,Haines Junction,CA,2020-06-27 16:14:24,60.75,-137.51,57.2,48,0,1.83
352,Bokoro,TD,2020-06-27 16:14:25,12.38,17.06,99.3,27,26,2.46
353,Kahuta,PK,2020-06-27 16:14:25,33.59,73.39,87.8,52,20,4.7
354,Esperance,AU,2020-06-27 16:14:25,-33.87,121.9,55.4,62,0,9.17
355,Henties Bay,NA,2020-06-27 16:14:25,-22.12,14.28,59.0,83,0,5.99
356,Los Llanos De Aridane,ES,2020-06-27 16:10:55,28.66,-17.92,77.0,61,20,17.22
357,George Town,MY,2020-06-27 16:09:34,5.41,100.34,84.2,83,20,2.24
358,Huangmei,CN,2020-06-27 16:14:26,30.19,116.03,78.78,90,100,2.62
359,Oranjemund,NA,2020-06-27 16:14:26,-28.55,16.43,57.65,68,0,4.7
360,Lorengau,PG,2020-06-27 16:14:26,-2.02,147.27,82.69,79,90,9.64
361,Kysyl-Syr,RU,2020-06-27 16:14:26,63.9,122.76,67.01,48,77,1.12
362,Staunton,US,2020-06-27 16:14:26,38.15,-79.07,82.99,61,40,6.93
363,Coruripe,BR,2020-06-27 16:14:27,-10.13,-36.18,80.24,74,59,9.35
364,Solnechnyy,RU,2020-06-27 16:14:27,50.72,136.63,56.53,79,97,1.97
365,Merauke,ID,2020-06-27 16:14:27,-8.47,140.33,77.65,82,87,16.08
366,Kushiro,JP,2020-06-27 16:14:27,42.98,144.37,53.64,97,100,8.28
367,Mfou,CM,2020-06-27 16:14:27,3.72,11.64,82.4,69,75,6.93
368,Miraflores,MX,2020-06-27 16:14:27,19.22,-98.81,68.0,60,75,0.98
369,Xiongzhou,CN,2020-06-27 16:14:28,25.12,114.3,77.97,84,72,3.2
370,Krasnoturansk,RU,2020-06-27 16:14:28,54.32,91.56,64.4,88,7,4.47
371,Pacific Grove,US,2020-06-27 16:14:28,36.62,-121.92,60.8,77,90,3.36
372,Burnie,AU,2020-06-27 16:14:28,-41.07,145.92,41.0,92,79,3.0
373,Xinpu,CN,2020-06-27 16:14:28,34.6,119.16,76.12,88,100,6.04
374,Oxford,GB,2020-06-27 16:14:29,51.75,-1.26,66.2,72,75,21.92
375,Willich,DE,2020-06-27 16:14:29,51.27,6.55,82.0,50,5,10.29
376,Sorland,NO,2020-06-27 16:14:29,67.67,12.69,54.21,76,100,19.55
377,Clyde River,CA,2020-06-27 16:14:29,70.47,-68.59,46.4,87,20,3.36
378,Uusikaupunki,FI,2020-06-27 16:14:29,60.8,21.41,82.4,30,22,10.29
379,Trairi,BR,2020-06-27 16:14:30,-3.28,-39.27,83.95,69,27,11.3
380,Diamantino,BR,2020-06-27 16:14:30,-14.41,-56.45,86.54,43,0,3.85
381,Port Macquarie,AU,2020-06-27 16:14:30,-31.43,152.92,48.99,93,55,6.55
382,Nueve De Julio,AR,2020-06-27 16:12:24,-35.44,-60.88,53.47,49,64,5.12
383,Lasa,IT,2020-06-27 16:14:30,46.62,10.7,66.2,55,40,8.05
384,Kruisfontein,ZA,2020-06-27 16:14:30,-34.0,24.73,62.35,44,27,16.55
385,Egvekinot,RU,2020-06-27 16:14:31,66.32,-179.17,30.47,97,100,1.59
386,Ruwi,OM,2020-06-27 16:14:31,23.6,58.55,91.4,66,46,4.7
387,Konispol,AL,2020-06-27 16:14:31,39.66,20.18,87.8,38,20,6.13
388,Tavda,RU,2020-06-27 16:14:31,58.04,65.27,52.11,76,48,2.75
389,Olafsvik,IS,2020-06-27 16:14:31,64.89,-23.71,52.09,78,99,15.14
390,Chara,RU,2020-06-27 16:14:32,56.91,118.26,59.2,69,93,4.18
391,Limbang,MY,2020-06-27 16:14:32,4.75,115.0,75.2,94,75,9.17
392,Prince Rupert,CA,2020-06-27 16:14:32,54.32,-130.32,51.8,100,90,5.82
393,Havoysund,NO,2020-06-27 16:14:32,71.0,24.66,44.6,87,100,19.46
394,Tiznit,MA,2020-06-27 16:14:32,29.58,-9.5,85.3,33,4,9.78
395,Norman Wells,CA,2020-06-27 16:14:32,65.28,-126.83,55.4,76,75,12.75
396,Mitchell,US,2020-06-27 16:14:05,43.71,-98.03,80.6,61,1,11.41
397,Sanmenxia,CN,2020-06-27 16:14:33,34.77,111.18,74.79,64,86,3.4
398,Teya,RU,2020-06-27 16:14:33,60.38,92.63,67.59,58,100,1.97
399,Port Hardy,CA,2020-06-27 16:14:33,50.7,-127.42,53.6,87,90,5.82
400,Hay River,CA,2020-06-27 16:14:33,60.82,-115.8,55.4,82,75,5.82
401,Madinat Sittah Uktubar,EG,2020-06-27 16:14:34,29.82,31.05,91.4,31,0,13.87
402,Vassouras,BR,2020-06-27 16:14:34,-22.4,-43.66,84.2,51,8,10.29
403,Bila,BA,2020-06-27 16:14:02,43.78,16.93,84.2,35,0,9.17
404,College,US,2020-06-27 16:14:34,64.86,-147.8,53.01,81,75,3.36
405,Clarence Town,AU,2020-06-27 16:14:34,-32.58,151.78,50.0,100,75,5.82
406,Lafia,NG,2020-06-27 16:14:34,8.48,8.52,85.24,65,87,4.85
407,Faya,SA,2020-06-27 16:14:34,18.39,42.45,87.8,12,40,18.34
408,San Juan De Arama,CO,2020-06-27 16:14:34,3.35,-73.89,78.53,76,100,6.53
409,Morant Bay,JM,2020-06-27 16:14:34,17.88,-76.41,89.6,66,20,25.28
410,Japura,ID,2020-06-27 16:14:35,-0.32,102.35,76.91,88,86,2.66
411,Latung,PH,2020-06-27 16:14:35,5.5,120.88,77.99,91,100,13.91
412,Japaratuba,BR,2020-06-27 16:14:35,-10.59,-36.94,82.4,61,40,9.17
413,Muros,ES,2020-06-27 16:14:35,42.78,-9.06,66.0,89,92,8.99
414,La Asuncion,VE,2020-06-27 16:14:35,11.03,-63.86,83.03,72,5,17.07
415,Chimoio,MZ,2020-06-27 16:14:35,-19.12,33.48,73.4,64,75,3.36
416,Tigzirt,DZ,2020-06-27 16:14:35,36.89,4.12,79.92,48,2,4.61
417,Misratah,LY,2020-06-27 16:14:36,32.38,15.09,81.46,52,0,19.26
418,Venice,US,2020-06-27 16:09:43,27.1,-82.45,90.0,62,1,5.82
419,Torrington,US,2020-06-27 16:13:06,41.8,-73.12,78.01,79,97,1.01
420,Chilca,PE,2020-06-27 16:14:36,-12.52,-76.74,62.6,77,90,3.36
421,Guilin,CN,2020-06-27 16:14:36,25.28,110.29,82.4,78,100,8.95
422,Boden,SE,2020-06-27 16:14:36,65.83,21.69,66.2,52,48,9.17
423,Rovaniemi,FI,2020-06-27 16:14:36,66.5,25.72,57.2,47,75,10.29
424,Paita,PE,2020-06-27 16:14:37,-5.09,-81.11,69.8,77,75,12.75
425,Luanda,AO,2020-06-27 16:14:18,-8.84,13.23,72.93,73,0,12.21
426,Alta Floresta,BR,2020-06-27 16:14:37,-9.88,-56.09,93.2,34,20,10.29
427,Zyryanka,RU,2020-06-27 16:14:37,65.75,150.85,53.8,53,1,3.4
428,Muborak,UZ,2020-06-27 16:14:37,39.26,65.15,75.76,17,69,8.5
429,Nizhniy Tsasuchey,RU,2020-06-27 16:12:06,50.52,115.13,68.22,45,30,3.78
430,Araouane,ML,2020-06-27 16:14:37,18.9,-3.53,114.08,5,32,11.16
431,Rezh,RU,2020-06-27 16:14:37,57.37,61.4,53.65,77,51,7.29
432,Manokwari,ID,2020-06-27 16:14:37,-0.87,134.08,79.41,67,100,4.61
433,Staszow,PL,2020-06-27 16:14:38,50.56,21.17,80.01,59,83,3.0
434,Ahipara,NZ,2020-06-27 16:14:38,-35.17,173.17,56.16,78,33,11.07
435,Makokou,GA,2020-06-27 16:14:38,0.57,12.86,79.03,83,14,0.25
436,Matara,LK,2020-06-27 16:14:38,5.95,80.54,79.43,85,18,9.8
437,Igarka,RU,2020-06-27 16:14:38,67.47,86.58,62.44,66,26,5.59
438,Jha Jha,IN,2020-06-27 16:14:38,24.77,86.37,87.93,63,68,1.54
439,Manta,EC,2020-06-27 16:14:38,-0.95,-80.73,80.6,74,75,6.93
440,Morehead,US,2020-06-27 16:14:39,37.27,-87.18,77.0,100,90,4.7
441,Ornskoldsvik,SE,2020-06-27 16:12:14,63.29,18.72,64.4,45,1,10.29
442,Omsukchan,RU,2020-06-27 16:14:39,62.53,155.8,54.36,55,2,1.99
443,Ekuvukeni,ZA,2020-06-27 16:14:39,-28.47,30.16,59.92,31,0,8.14
444,Tazmalt,DZ,2020-06-27 16:14:39,36.39,4.4,80.6,65,20,9.17
445,Pochinki,RU,2020-06-27 16:14:39,54.7,44.87,69.75,80,3,15.88
446,Biak,ID,2020-06-27 16:14:39,-0.91,122.88,74.8,78,100,4.0
447,Show Low,US,2020-06-27 16:14:40,34.25,-110.03,78.8,15,1,11.41
448,Lixourion,GR,2020-06-27 16:14:40,38.2,20.43,86.0,42,0,18.34
449,Tautira,PF,2020-06-27 16:14:40,-17.73,-149.15,75.2,83,90,1.12
450,Comarapa,BO,2020-06-27 16:14:40,-17.9,-64.48,68.36,56,48,3.13
451,Katobu,ID,2020-06-27 16:14:40,-4.94,122.53,73.42,88,80,1.99
452,Lake Wales,US,2020-06-27 16:14:40,27.9,-81.59,91.99,49,5,4.7
453,Reykjavik,IS,2020-06-27 16:11:02,64.14,-21.9,60.8,55,100,9.17
454,Gayeri,BF,2020-06-27 16:14:41,12.65,0.49,102.81,24,42,3.71
455,Cedar City,US,2020-06-27 16:14:41,37.68,-113.06,80.6,17,1,9.17
456,Pingliang,CN,2020-06-27 16:14:41,35.54,106.69,61.16,88,73,1.28
457,Port Blair,IN,2020-06-27 16:14:41,11.67,92.75,82.78,80,99,8.84
458,Aldan,RU,2020-06-27 16:14:41,58.6,125.39,57.4,77,97,3.47
459,Cochrane,CA,2020-06-27 16:14:42,51.18,-114.47,57.99,71,75,8.05
460,Lubao,PH,2020-06-27 16:14:42,14.92,120.55,78.8,88,75,4.7
461,Sungaipenuh,ID,2020-06-27 16:14:42,-2.08,101.38,66.34,93,99,2.46
462,Chivay,PE,2020-06-27 16:14:42,-15.64,-71.6,55.42,26,0,3.58
463,General Pico,AR,2020-06-27 16:14:43,-35.66,-63.76,52.66,44,0,0.89
464,Kalmunai,LK,2020-06-27 16:14:43,7.42,81.82,82.51,80,57,2.04
465,Kushima,JP,2020-06-27 16:14:43,31.46,131.23,78.8,78,90,20.8
466,Havre-Saint-Pierre,CA,2020-06-27 16:14:43,50.23,-63.6,64.4,82,90,10.29
467,Chama,CH,2020-06-27 16:14:43,47.18,8.46,80.01,69,20,9.17
468,Tianpeng,CN,2020-06-27 16:14:43,30.99,103.94,80.01,1,100,1.5
469,Depalpur,IN,2020-06-27 16:14:44,22.85,75.55,85.41,67,100,6.2
470,Shingu,JP,2020-06-27 16:14:44,33.73,135.98,72.66,95,100,5.73
471,Galveston,US,2020-06-27 16:14:44,29.37,-94.97,86.0,84,40,11.41
472,Abdanan,IR,2020-06-27 16:14:44,32.99,47.42,89.85,12,0,7.05
473,Awbari,LY,2020-06-27 16:14:44,26.59,12.78,97.23,10,0,17.49
474,Ashland,US,2020-06-27 16:13:01,40.82,-82.27,75.2,78,90,11.41
475,Bataipora,BR,2020-06-27 16:14:44,-22.3,-53.27,64.35,88,100,4.21
476,Izhevsk,RU,2020-06-27 16:09:55,56.85,53.23,60.01,93,100,3.0
477,Cockburn Town,TC,2020-06-27 16:12:06,21.46,-71.14,86.0,70,40,11.41
478,Ovalle,CL,2020-06-27 16:14:45,-30.6,-71.2,67.28,25,100,2.17
479,Piranshahr,IR,2020-06-27 16:14:45,36.7,45.14,73.87,42,5,2.84
480,Horki,BY,2020-06-27 16:14:45,54.29,30.98,75.87,77,0,6.8
481,Ibaiti,BR,2020-06-27 16:14:45,-23.85,-50.19,59.0,99,99,5.79
482,Kalino,RU,2020-06-27 16:14:45,58.25,57.61,51.93,92,100,6.17
483,Pismo Beach,US,2020-06-27 16:14:45,35.14,-120.64,64.0,93,20,4.12
484,Strelka,RU,2020-06-27 16:14:46,58.07,93.03,68.97,68,89,8.28
485,Khani,GE,2020-06-27 16:14:46,41.96,42.96,77.0,69,40,9.17
486,Ambon,ID,2020-06-27 16:14:46,-3.7,128.18,80.01,13,19,11.83
487,Ternate,ID,2020-06-27 16:13:55,0.8,127.4,79.45,79,9,1.7
488,Petropavlovsk-Kamchatskiy,RU,2020-06-27 16:14:46,53.05,158.65,53.6,100,79,6.71
489,Ariquemes,BR,2020-06-27 16:14:46,-9.91,-63.04,89.76,49,82,3.6
490,Mount Gambier,AU,2020-06-27 16:14:46,-37.83,140.77,41.0,93,34,8.05
491,Kahului,US,2020-06-27 16:11:16,20.89,-156.47,75.2,78,90,9.17
492,Surab,PK,2020-06-27 16:14:47,28.49,66.26,80.78,15,0,7.34
493,Sisophon,KH,2020-06-27 16:14:47,13.59,102.97,78.87,85,100,5.14
494,Poum,NC,2020-06-27 16:14:47,-20.23,164.02,70.23,63,33,8.03
495,Klaksvik,FO,2020-06-27 16:14:47,62.23,-6.59,59.0,100,97,1.12
496,Aksarayskiy,RU,2020-06-27 16:14:47,46.79,48.01,84.2,16,0,8.95
497,Malyye Derbety,RU,2020-06-27 16:14:48,47.95,44.68,81.73,34,0,3.51
498,Sorong,ID,2020-06-27 16:14:48,-0.88,131.25,79.09,82,88,5.03
499,Taoudenni,ML,2020-06-27 16:14:48,22.68,-3.98,116.38,5,0,5.28
500,Cap-Aux-Meules,CA,2020-06-27 16:14:15,47.38,-61.86,71.6,68,20,11.41
501,Gravdal,NO,2020-06-27 16:14:48,68.12,13.5,57.15,65,81,15.93
502,Ahuimanu,US,2020-06-27 16:14:48,21.44,-157.84,77.0,73,20,9.17
503,Okhotsk,RU,2020-06-27 16:14:48,59.38,143.3,43.07,91,3,3.0
504,Lima,PE,2020-06-27 16:12:07,-12.04,-77.03,62.6,77,90,3.36
505,Nouadhibou,MR,2020-06-27 16:14:49,20.93,-17.03,77.0,65,67,20.8
506,Bunia,CD,2020-06-27 16:14:49,1.57,30.25,68.0,84,69,0.89
507,Kadoma,JP,2020-06-27 16:14:49,34.73,135.58,78.01,63,100,3.76
508,Soe,ID,2020-06-27 16:14:49,-9.86,124.28,62.26,100,99,4.0
509,Grindavik,IS,2020-06-27 16:14:49,63.84,-22.43,57.2,76,96,17.22
510,Padang,ID,2020-06-27 16:14:49,-0.95,100.35,79.02,76,86,5.35
511,Mackay,AU,2020-06-27 16:14:50,-21.15,149.2,62.6,88,40,9.17
512,Kristinehamn,SE,2020-06-27 16:14:50,59.31,14.11,87.01,34,78,8.05
513,Bandarbeyla,SO,2020-06-27 16:14:50,9.49,50.81,82.15,66,73,28.83
514,Gore,NZ,2020-06-27 16:14:50,-46.1,168.94,39.0,83,100,3.0
515,Cap Malheureux,MU,2020-06-27 16:14:50,-19.98,57.61,73.99,80,44,8.01
516,Damghan,IR,2020-06-27 16:14:51,36.17,54.35,73.49,45,3,10.4
517,Xiashi,CN,2020-06-27 16:14:51,30.54,120.69,80.01,100,100,4.47
518,Rio Gallegos,AR,2020-06-27 16:14:51,-51.62,-69.22,28.4,79,0,12.75
519,Agulu,NG,2020-06-27 16:14:51,6.11,7.07,82.0,80,69,8.34
520,Port Augusta,AU,2020-06-27 16:14:51,-32.5,137.77,39.2,69,0,6.93
521,Bardejov,SK,2020-06-27 16:14:52,49.29,21.27,81.0,53,12,8.01
522,Camana,PE,2020-06-27 16:10:03,-16.62,-72.71,66.78,67,18,8.37
523,Linjiang,CN,2020-06-27 16:14:52,41.81,126.91,57.97,86,74,1.3
524,Pringsewu,ID,2020-06-27 16:14:52,-5.36,104.97,73.58,93,11,0.4
525,Ghanzi,BW,2020-06-27 16:14:52,-21.57,21.78,56.75,40,0,3.04
526,Koutsouras,GR,2020-06-27 16:14:53,35.03,25.95,82.99,48,0,11.99
527,Yanam,IN,2020-06-27 16:14:53,16.73,82.22,86.0,66,40,8.05
528,Chingirlau,KZ,2020-06-27 16:14:53,51.09,54.08,66.81,79,50,7.94
529,Santa Cruz Cabralia,BR,2020-06-27 16:14:53,-16.28,-39.02,80.6,69,75,13.87
530,Saint-Honore,CA,2020-06-27 16:14:00,48.53,-71.08,68.0,93,90,6.93
531,Port-Cartier,CA,2020-06-27 16:14:53,50.03,-66.87,66.2,72,75,8.05
532,Sao Filipe,CV,2020-06-27 16:14:53,14.9,-24.5,74.43,82,41,5.97
533,Mbaiki,CF,2020-06-27 16:14:54,3.87,17.99,79.57,71,78,1.72
534,Fort Nelson,CA,2020-06-27 16:14:54,58.81,-122.7,62.6,51,75,13.87
535,Kangaatsiaq,GL,2020-06-27 16:14:54,68.31,-53.46,41.74,87,86,12.06
536,Coahuayana,MX,2020-06-27 16:14:54,18.73,-103.68,78.8,65,75,1.3
537,Sidi Ali,DZ,2020-06-27 16:14:54,36.1,0.42,78.26,46,0,7.52
538,Laguna De Perlas,NI,2020-06-27 16:14:54,12.34,-83.67,75.2,100,75,4.7
539,Karlskoga,SE,2020-06-27 16:14:54,59.33,14.52,88.0,32,62,6.93
540,Urengoy,RU,2020-06-27 16:14:55,65.97,78.37,56.25,70,95,3.47
541,Valdosta,US,2020-06-27 16:11:26,30.83,-83.28,89.01,62,1,4.7
542,Juneau,US,2020-06-27 16:12:15,58.3,-134.42,54.0,87,90,1.01
543,Raudeberg,NO,2020-06-27 16:14:55,61.99,5.14,80.6,42,0,11.41
544,Streator,US,2020-06-27 16:10:32,41.12,-88.84,80.6,78,1,8.05
545,Hermon,US,2020-06-27 16:14:55,44.81,-68.91,82.0,47,90,9.17
546,Surgut,RU,2020-06-27 16:14:55,61.25,73.42,57.2,76,100,4.47
547,Chokwe,MZ,2020-06-27 16:14:55,-24.53,32.98,69.76,38,0,5.48
548,Atherton,GB,2020-06-27 16:14:56,53.52,-2.49,64.99,74,91,8.01
549,Ust-Kuyga,RU,2020-06-27 16:14:56,70.02,135.6,68.63,57,18,3.89
550,Ugoofaaru,MV,2020-06-27 16:14:56,5.67,73.0,83.64,77,100,16.73
